time,1,2
2000-01-01 00:00:00,0,0
2000-01-01 00:01:00,0,-8
2000-01-01 00:02:00,0,-9
2000-01-01 00:03:00,0,-9
2000-01-01 00:04:00,0,-20
2000-01-01 00:05:00,0,-30
2000-01-01 00:06:00,0,-34
2000-01-01 00:07:00,0,-39
2000-01-01 00:08:00,0,-47
2000-01-01 00:09:00,0,-69
2000-01-01 00:10:00,0,-82
2000-01-01 00:11:00,0,-113
2000-01-01 00:12:00,0,-161
2000-01-01 00:13:00,0,-241
2000-01-01 00:14:00,0,-346
2000-01-01 00:15:00,0,-508
2000-01-01 00:16:00,0,-755
2000-01-01 00:17:00,0,-1142
2000-01-01 00:18:00,0,-1687
2000-01-01 00:19:00,0,-2314
2000-01-01 00:20:00,0,-2750
2000-01-01 00:21:00,0,-2331
2000-01-01 00:22:00,0,-510
2000-01-01 00:23:00,0,2319
2000-01-01 00:24:00,0,4273
2000-01-01 00:25:00,0,5229
2000-01-01 00:26:00,0,6594
2000-01-01 00:27:00,0,7671
2000-01-01 00:28:00,0,7321
2000-01-01 00:29:00,0,5999
2000-01-01 00:30:00,0,2474
2000-01-01 00:31:00,0,759
2000-01-01 00:32:00,0,-498
2000-01-01 00:33:00,0,-650
2000-01-01 00:34:00,0,-1788
2000-01-01 00:35:00,0,-2687
2000-01-01 00:36:00,0,-4264
2000-01-01 00:37:00,0,-3717
2000-01-01 00:38:00,0,-2526
2000-01-01 00:39:00,0,-2558
2000-01-01 00:40:00,0,-2639
2000-01-01 00:41:00,0,-5042
2000-01-01 00:42:00,0,-3188
2000-01-01 00:43:00,0,-1785
2000-01-01 00:44:00,0,-487
2000-01-01 00:45:00,0,-3286
2000-01-01 00:46:00,0,-5902
2000-01-01 00:47:00,0,-6995
2000-01-01 00:48:00,0,-5089
2000-01-01 00:49:00,0,-1143
2000-01-01 00:50:00,0,1334
2000-01-01 00:51:00,0,1507
2000-01-01 00:52:00,0,2296
2000-01-01 00:53:00,0,3296
2000-01-01 00:54:00,0,4234
2000-01-01 00:55:00,0,3278
2000-01-01 00:56:00,0,2263
2000-01-01 00:57:00,0,1800
2000-01-01 00:58:00,0,3863
2000-01-01 00:59:00,0,3734
2000-01-01 01:00:00,0,2530
2000-01-01 01:01:00,0,563
2000-01-01 01:02:00,0,720
2000-01-01 01:03:00,0,2893
2000-01-01 01:04:00,0,3907
2000-01-01 01:05:00,0,2421
2000-01-01 01:06:00,0,-54
2000-01-01 01:07:00,0,-1301
2000-01-01 01:08:00,0,-728
2000-01-01 01:09:00,0,-525
2000-01-01 01:10:00,0,-1502
2000-01-01 01:11:00,0,-5023
2000-01-01 01:12:00,0,-3616
2000-01-01 01:13:00,0,-2781
2000-01-01 01:14:00,0,-1423
2000-01-01 01:15:00,0,-2171
2000-01-01 01:16:00,0,-4084
2000-01-01 01:17:00,0,-2480
2000-01-01 01:18:00,0,788
2000-01-01 01:19:00,0,6367
2000-01-01 01:20:00,0,6587
2000-01-01 01:21:00,0,2953
2000-01-01 01:22:00,0,-2935
2000-01-01 01:23:00,0,-3786
2000-01-01 01:24:00,0,-3004
2000-01-01 01:25:00,0,202
2000-01-01 01:26:00,0,654
2000-01-01 01:27:00,0,609
2000-01-01 01:28:00,0,1011
2000-01-01 01:29:00,0,196
2000-01-01 01:30:00,0,-52
2000-01-01 01:31:00,0,-106
2000-01-01 01:32:00,0,-816
2000-01-01 01:33:00,0,1023
2000-01-01 01:34:00,0,791
2000-01-01 01:35:00,0,2252
2000-01-01 01:36:00,0,1487
2000-01-01 01:37:00,0,1682
2000-01-01 01:38:00,0,1398
2000-01-01 01:39:00,0,122
2000-01-01 01:40:00,0,-931
2000-01-01 01:41:00,0,-1475
2000-01-01 01:42:00,0,-119
2000-01-01 01:43:00,0,-724
2000-01-01 01:44:00,0,-1514
2000-01-01 01:45:00,0,-2814
2000-01-01 01:46:00,0,-4353
2000-01-01 01:47:00,0,-2542
2000-01-01 01:48:00,0,-1078
2000-01-01 01:49:00,0,899
2000-01-01 01:50:00,0,824
2000-01-01 01:51:00,0,-516
2000-01-01 01:52:00,0,-82
2000-01-01 01:53:00,0,1187
2000-01-01 01:54:00,0,3014
2000-01-01 01:55:00,0,3241
2000-01-01 01:56:00,0,-308
2000-01-01 01:57:00,0,-1196
2000-01-01 01:58:00,0,-1462
2000-01-01 01:59:00,0,-137
2000-01-01 02:00:00,0,4225
2000-01-01 02:01:00,0,3224
2000-01-01 02:02:00,0,3095
2000-01-01 02:03:00,0,-242
2000-01-01 02:04:00,0,-2424
2000-01-01 02:05:00,0,1202
2000-01-01 02:06:00,0,1731
2000-01-01 02:07:00,0,700
2000-01-01 02:08:00,0,-1252
2000-01-01 02:09:00,0,-2942
2000-01-01 02:10:00,0,-1539
2000-01-01 02:11:00,0,-1014
2000-01-01 02:12:00,0,-358
2000-01-01 02:13:00,0,1619
2000-01-01 02:14:00,0,633
2000-01-01 02:15:00,0,942
2000-01-01 02:16:00,0,-1378
2000-01-01 02:17:00,0,-1710
2000-01-01 02:18:00,0,-771
2000-01-01 02:19:00,0,880
2000-01-01 02:20:00,0,1327
2000-01-01 02:21:00,0,-316
2000-01-01 02:22:00,0,-3259
2000-01-01 02:23:00,0,-2356
2000-01-01 02:24:00,0,-1422
2000-01-01 02:25:00,0,445
2000-01-01 02:26:00,0,929
2000-01-01 02:27:00,0,715
2000-01-01 02:28:00,0,432
2000-01-01 02:29:00,0,1487
2000-01-01 02:30:00,0,2211
2000-01-01 02:31:00,0,1651
2000-01-01 02:32:00,0,-506
2000-01-01 02:33:00,0,-2799
2000-01-01 02:34:00,0,-1564
2000-01-01 02:35:00,0,1604
2000-01-01 02:36:00,0,2818
2000-01-01 02:37:00,0,3572
2000-01-01 02:38:00,0,-2745
2000-01-01 02:39:00,0,-6985
2000-01-01 02:40:00,0,-4943
2000-01-01 02:41:00,0,545
2000-01-01 02:42:00,0,4750
2000-01-01 02:43:00,0,4866
2000-01-01 02:44:00,0,2179
2000-01-01 02:45:00,0,1380
2000-01-01 02:46:00,0,-1886
2000-01-01 02:47:00,0,-3080
2000-01-01 02:48:00,0,-2269
2000-01-01 02:49:00,0,-1113
2000-01-01 02:50:00,0,649
2000-01-01 02:51:00,0,1792
2000-01-01 02:52:00,0,1301
2000-01-01 02:53:00,0,531
2000-01-01 02:54:00,0,-1754
2000-01-01 02:55:00,0,-326
2000-01-01 02:56:00,0,405
2000-01-01 02:57:00,0,-1043
2000-01-01 02:58:00,0,199
2000-01-01 02:59:00,0,-2389
2000-01-01 03:00:00,0,-2041
2000-01-01 03:01:00,0,-892
2000-01-01 03:02:00,0,2247
2000-01-01 03:03:00,0,1733
2000-01-01 03:04:00,0,52
2000-01-01 03:05:00,0,414
2000-01-01 03:06:00,0,1244
2000-01-01 03:07:00,0,2532
2000-01-01 03:08:00,0,1755
2000-01-01 03:09:00,0,1145
2000-01-01 03:10:00,0,171
2000-01-01 03:11:00,0,-385
2000-01-01 03:12:00,0,758
2000-01-01 03:13:00,0,1837
2000-01-01 03:14:00,0,-546
2000-01-01 03:15:00,0,-1214
2000-01-01 03:16:00,0,-686
2000-01-01 03:17:00,0,682
2000-01-01 03:18:00,0,-947
2000-01-01 03:19:00,0,-2512
2000-01-01 03:20:00,0,-859
2000-01-01 03:21:00,18,-19
2000-01-01 03:22:00,41,-1835
2000-01-01 03:23:00,46,-2484
2000-01-01 03:24:00,59,-2017
2000-01-01 03:25:00,59,2011
2000-01-01 03:26:00,40,4306
2000-01-01 03:27:00,40,1666
2000-01-01 03:28:00,32,-398
2000-01-01 03:29:00,19,-2810
2000-01-01 03:30:00,20,-2128
2000-01-01 03:31:00,12,-602
2000-01-01 03:32:00,12,-215
2000-01-01 03:33:00,17,304
2000-01-01 03:34:00,13,-1180
2000-01-01 03:35:00,13,-1132
2000-01-01 03:36:00,21,59
2000-01-01 03:37:00,30,54
2000-01-01 03:38:00,40,440
2000-01-01 03:39:00,55,1014
2000-01-01 03:40:00,55,2375
2000-01-01 03:41:00,63,3357
2000-01-01 03:42:00,63,1336
2000-01-01 03:43:00,45,636
2000-01-01 03:44:00,32,-226
2000-01-01 03:45:00,24,-2038
2000-01-01 03:46:00,20,205
2000-01-01 03:47:00,6,1782
2000-01-01 03:48:00,6,940
2000-01-01 03:49:00,5,313
2000-01-01 03:50:00,5,1136
2000-01-01 03:51:00,17,817
2000-01-01 03:52:00,13,-886
2000-01-01 03:53:00,20,-2726
2000-01-01 03:54:00,18,-2124
2000-01-01 03:55:00,20,-686
2000-01-01 03:56:00,8,776
2000-01-01 03:57:00,3,888
2000-01-01 03:58:00,1,1481
2000-01-01 03:59:00,0,-77
2000-01-01 04:00:00,1,300
2000-01-01 04:01:00,5,146
2000-01-01 04:02:00,5,-3151
2000-01-01 04:03:00,11,-5171
2000-01-01 04:04:00,11,-3060
2000-01-01 04:05:00,7,208
2000-01-01 04:06:00,1,3135
2000-01-01 04:07:00,0,3156
2000-01-01 04:08:00,9,1464
2000-01-01 04:09:00,13,149
2000-01-01 04:10:00,12,-673
2000-01-01 04:11:00,20,108
2000-01-01 04:12:00,18,236
2000-01-01 04:13:00,-1,1679
2000-01-01 04:14:00,-12,1085
2000-01-01 04:15:00,-25,1486
2000-01-01 04:16:00,-29,-65
2000-01-01 04:17:00,-27,-4021
2000-01-01 04:18:00,-18,-2230
2000-01-01 04:19:00,-3,-682
2000-01-01 04:20:00,8,-224
2000-01-01 04:21:00,12,1028
2000-01-01 04:22:00,16,213
2000-01-01 04:23:00,7,997
2000-01-01 04:24:00,0,732
2000-01-01 04:25:00,-12,63
2000-01-01 04:26:00,-26,-795
2000-01-01 04:27:00,-39,-1113
2000-01-01 04:28:00,-42,-528
2000-01-01 04:29:00,-45,709
2000-01-01 04:30:00,-34,243
2000-01-01 04:31:00,-12,539
2000-01-01 04:32:00,-5,185
2000-01-01 04:33:00,-11,-1444
2000-01-01 04:34:00,-22,-3057
2000-01-01 04:35:00,-31,-989
2000-01-01 04:36:00,-47,1877
2000-01-01 04:37:00,-62,3823
2000-01-01 04:38:00,-59,2860
2000-01-01 04:39:00,-59,3411
2000-01-01 04:40:00,-67,786
2000-01-01 04:41:00,-79,1493
2000-01-01 04:42:00,-94,1802
2000-01-01 04:43:00,-111,-1921
2000-01-01 04:44:00,-127,-1257
2000-01-01 04:45:00,-130,-4225
2000-01-01 04:46:00,-128,-2940
2000-01-01 04:47:00,-101,-2349
2000-01-01 04:48:00,-83,-1659
2000-01-01 04:49:00,-64,121
2000-01-01 04:50:00,-27,-255
2000-01-01 04:51:00,-30,971
2000-01-01 04:52:00,-29,285
2000-01-01 04:53:00,-42,-41
2000-01-01 04:54:00,-70,1322
2000-01-01 04:55:00,-89,352
2000-01-01 04:56:00,-104,1287
2000-01-01 04:57:00,-99,491
2000-01-01 04:58:00,-90,-118
2000-01-01 04:59:00,-79,-832
2000-01-01 05:00:00,-80,-904
2000-01-01 05:01:00,-85,-1441
2000-01-01 05:02:00,-94,1338
2000-01-01 05:03:00,-96,2591
2000-01-01 05:04:00,-103,1415
2000-01-01 05:05:00,-92,-241
2000-01-01 05:06:00,-73,-1732
2000-01-01 05:07:00,-61,260
2000-01-01 05:08:00,-42,1323
2000-01-01 05:09:00,-20,915
2000-01-01 05:10:00,-6,447
2000-01-01 05:11:00,-5,1838
2000-01-01 05:12:00,-5,1729
2000-01-01 05:13:00,-17,1676
2000-01-01 05:14:00,-26,1086
2000-01-01 05:15:00,-27,-2040
2000-01-01 05:16:00,-24,-1297
2000-01-01 05:17:00,-24,-1873
2000-01-01 05:18:00,-10,-3631
2000-01-01 05:19:00,-6,-3527
2000-01-01 05:20:00,9,-1603
2000-01-01 05:21:00,15,2650
2000-01-01 05:22:00,18,1396
2000-01-01 05:23:00,7,-756
2000-01-01 05:24:00,0,-525
2000-01-01 05:25:00,3,-1927
2000-01-01 05:26:00,5,-544
2000-01-01 05:27:00,18,-487
2000-01-01 05:28:00,30,77
2000-01-01 05:29:00,51,-451
2000-01-01 05:30:00,62,-3698
2000-01-01 05:31:00,50,333
2000-01-01 05:32:00,32,1113
2000-01-01 05:33:00,15,930
2000-01-01 05:34:00,7,1955
2000-01-01 05:35:00,7,2722
2000-01-01 05:36:00,29,3387
2000-01-01 05:37:00,54,2843
2000-01-01 05:38:00,87,-421
2000-01-01 05:39:00,108,681
2000-01-01 05:40:00,129,-1020
2000-01-01 05:41:00,105,-837
2000-01-01 05:42:00,89,1862
2000-01-01 05:43:00,56,56
2000-01-01 05:44:00,43,-600
2000-01-01 05:45:00,17,-1365
2000-01-01 05:46:00,21,157
2000-01-01 05:47:00,32,83
2000-01-01 05:48:00,60,-1163
2000-01-01 05:49:00,77,-1333
2000-01-01 05:50:00,81,-2722
2000-01-01 05:51:00,91,-2105
2000-01-01 05:52:00,90,3434
2000-01-01 05:53:00,60,3068
2000-01-01 05:54:00,56,1377
2000-01-01 05:55:00,20,-806
2000-01-01 05:56:00,41,-1859
2000-01-01 05:57:00,67,244
2000-01-01 05:58:00,87,-1365
2000-01-01 05:59:00,107,-291
2000-01-01 06:00:00,106,561
